show databases;
use cuisine;

SELECT *
FROM USER;

INSERT INTO user (
  user_id,
  nickname,
  bio,
  profile_visibility
) VALUES
(100001, 'Timely Rain', 'I once ate 50 burgers in one semester.', 'show_reviews_and_scores'),
(100002, 'Jade Qilin', NULL, 'show_reviews_and_scores'),
(100003, 'Resourceful Star', 'My mom told me to stop ordering extra cheese pizza.', 'show_reviews_and_scores'),
(100004, 'Dragon in the Clouds', NULL, 'show_reviews_and_scores'),
(100005, 'Great Blade', 'Vegetables and I are in a cold war.', 'show_reviews_and_scores'),
(100006, 'Panther Head', NULL, 'show_reviews_and_scores'),
(100007, 'Fiery Thunderbolt', 'Professional dumpling counter, amateur noodle critic.', 'show_reviews_and_scores'),
(100008, 'Twin Maces', NULL, 'show_reviews_and_scores'),
(100009, 'Little Li Guang', 'I fear salad but respect fries.', 'show_reviews_and_scores'),
(100010, 'Whirlwind', NULL, 'show_reviews_and_scores'),
(100011, 'Sky Soaring Eagle', 'I judge cafes by how dramatic the latte foam looks.', 'show_reviews_and_scores'),
(100012, 'Beautiful Beard Lord', NULL, 'show_reviews_and_scores'),
(100013, 'Flowery Monk', 'Soup first, consequences later.', 'show_reviews_and_scores'),
(100014, 'Pilgrim', NULL, 'show_reviews_and_scores'),
(100015, 'Twin Spear General', 'I can smell fried chicken from two blocks away.', 'show_reviews_and_scores'),
(100016, 'Featherless Arrow', NULL, 'show_reviews_and_scores'),
(100017, 'Blue Faced Beast', 'I came for one taco and left with twelve.', 'show_reviews_and_scores'),
(100018, 'Golden Lancer', NULL, 'show_reviews_and_scores'),
(100019, 'Swift Vanguard', 'Breakfast at noon still counts as breakfast.', 'show_reviews_and_scores'),
(100020, 'Divine Traveler', NULL, 'show_reviews_and_scores'),
(100021, 'Red Haired Demon', 'My spice tolerance is fake but my confidence is real.', 'show_reviews_and_scores'),
(100022, 'Black Whirlwind', NULL, 'show_reviews_and_scores'),
(100023, 'Nine Tattooed Dragon', 'I trust any restaurant with a suspiciously long line.', 'show_reviews_and_scores'),
(100024, 'Unstoppable', NULL, 'show_reviews_and_scores'),
(100025, 'Winged Tiger', 'I rate sandwiches by structural integrity.', 'show_reviews_and_scores'),
(100026, 'River Dragon', NULL, 'show_reviews_and_scores'),
(100027, 'Earthly Tai Sui', 'I do not chase trends. I chase buffets.', 'show_reviews_and_scores'),
(100028, 'Boat Flame', NULL, 'show_reviews_and_scores'),
(100029, 'Short Lived Second Brother', 'My diet plan failed the moment I saw hot pot.', 'show_reviews_and_scores'),
(100030, 'White Streak in the Waves', NULL, 'show_visits'),
(100031, 'Living Yama', 'I collect weird sodas and bad food decisions.', 'hidden'),
(100032, 'Sickly Guansuo', NULL, 'show_scores'),
(100033, 'Desperate Third Son', 'I can forgive bad service, but never soggy fries.', 'show_reviews_and_scores'),
(100034, 'Two Headed Snake', NULL, 'show_scores'),
(100035, 'Twin Tailed Scorpion', 'I believe dessert is a basic human right.', 'show_reviews_and_scores'),
(100036, 'Prodigal Son', NULL, 'show_reviews_and_scores');


INSERT INTO Verificated_User (user_id, email) VALUES
(100001, 'songjiang@neu.edu'),
(100002, 'lujunyi@neu.edu'),
(100003, 'wuyong@neu.edu'),
(100004, 'gongsunsheng@neu.edu'),
(100005, 'guansheng@neu.edu'),
(100006, 'linchong@neu.edu'),
(100007, 'qinming@neu.edu'),
(100008, 'huyanzhuo@neu.edu'),
(100009, 'huarong@neu.edu'),
(100010, 'chaijin@neu.edu'),
(100011, 'liying@neu.edu'),
(100012, 'zhutong@neu.edu'),
(100013, 'luzhishen@neu.edu'),
(100014, 'wusong@neu.edu'),
(100015, 'dongping@neu.edu'),
(100016, 'zhangqing@neu.edu'),
(100017, 'yangzhi@neu.edu'),
(100018, 'xuning@neu.edu'),
(100019, 'suochao@neu.edu'),
(100020, 'daizong@neu.edu'),
(100021, 'liutang@neu.edu'),
(100022, 'likui@neu.edu'),
(100023, 'shijin@neu.edu'),
(100024, 'muhong@neu.edu'),
(100025, 'leiheng@neu.edu'),
(100026, 'lijun@neu.edu'),
(100027, 'ruanxiaoer@neu.edu'),
(100028, 'zhangheng@neu.edu'),
(100029, 'ruanxiaowu@neu.edu');

SELECT *
FROM VERIFICATED_USER;

INSERT INTO normal_user (user_id, email) VALUES
(100030, 'zhangshun@gmail.com'),
(100031, 'ruanxiaoqi@gmail.com'),
(100032, 'yangxiong@gmail.com'),
(100033, 'shixiu@gmail.com'),
(100034, 'xiezhen@gmail.com'),
(100035, 'xiebao@gmail.com'),
(100036, 'yanqing@gmail.com');

SELECT *
FROM normal_user;

INSERT INTO follow_user (follower, followed)
VALUES
-- user 100001
(100001, 100003),
(100001, 100007),
(100001, 100012),
(100001, 100018),

-- user 100002
(100002, 100001),
(100002, 100005),
(100002, 100011),
(100002, 100020),
(100002, 100027),

-- user 100003
(100003, 100001),
(100003, 100004),

-- user 100004
(100004, 100002),
(100004, 100006),
(100004, 100009),
(100004, 100013),
(100004, 100015),
(100004, 100021),

-- user 100005
(100005, 100001),
(100005, 100003),
(100005, 100007),

-- user 100006
(100006, 100002),
(100006, 100008),
(100006, 100011),
(100006, 100014),
(100006, 100020),
(100006, 100025),

-- user 100007
(100007, 100004),

-- user 100008
(100008, 100002),
(100008, 100005),
(100008, 100009),
(100008, 100016),

-- user 100009
(100009, 100001),
(100009, 100003),
(100009, 100007),
(100009, 100011),
(100009, 100017),
(100009, 100024),
(100009, 100030),

-- user 100010
-- (0 follows)

-- user 100011
(100011, 100003),
(100011, 100006),
(100011, 100008),

-- user 100012
(100012, 100002),
(100012, 100004),
(100012, 100010),
(100012, 100015),

-- user 100013
(100013, 100001),
(100013, 100006),
(100013, 100011),
(100013, 100019),
(100013, 100023),
(100013, 100027),

-- user 100014
(100014, 100002),

-- user 100015
(100015, 100004),
(100015, 100006),
(100015, 100009),
(100015, 100018),
(100015, 100022),

-- user 100016
-- (0 follows)

-- user 100017
(100017, 100001),
(100017, 100003),
(100017, 100005),

-- user 100018
(100018, 100002),
(100018, 100007),
(100018, 100011),
(100018, 100015),
(100018, 100020),
(100018, 100026),
(100018, 100031),

-- user 100019
(100019, 100006),
(100019, 100012),

-- user 100020
(100020, 100003),
(100020, 100007),
(100020, 100009),
(100020, 100014),
(100020, 100018),

-- user 100021
(100021, 100001),
(100021, 100008),
(100021, 100013),
(100021, 100019),

-- user 100022
-- (0 follows)

-- user 100023
(100023, 100004),
(100023, 100009),
(100023, 100015),

-- user 100024
(100024, 100002),
(100024, 100006),
(100024, 100011),
(100024, 100017),

-- user 100025
(100025, 100001),
(100025, 100005),
(100025, 100009),
(100025, 100012),
(100025, 100018),
(100025, 100023),
(100025, 100027),

-- user 100026
(100026, 100003),

-- user 100027
(100027, 100002),
(100027, 100006),
(100027, 100009),
(100027, 100014),
(100027, 100021),

-- user 100028
(100028, 100001),
(100028, 100011),
(100028, 100015),

-- user 100029
(100029, 100004),
(100029, 100007),
(100029, 100010),
(100029, 100018),
(100029, 100024),
(100029, 100031),
(100029, 100035),

-- user 100030
-- (0 follows)

-- user 100031
(100031, 100002),
(100031, 100006),
(100031, 100012),

-- user 100032
(100032, 100004),
(100032, 100009),
(100032, 100014),
(100032, 100020),
(100032, 100025),

-- user 100033
(100033, 100001),
(100033, 100005),
(100033, 100007),
(100033, 100011),
(100033, 100016),
(100033, 100019),
(100033, 100023),
(100033, 100028),

-- user 100034
(100034, 100006),
(100034, 100012),

-- user 100035
(100035, 100002),
(100035, 100004),
(100035, 100009),
(100035, 100015);

-- user 100036
-- (0 follows)

SELECT *
FROM FOLLOW_USER;

INSERT INTO Restaurant (
  restaurant_id,
  name,
  category,
  price_level,
  address,
  website_url,
  phone,
  status
) VALUES
(200001, 'McDonald''s', 'Burgers', 10, '114 Fenway Terrace, Boston, MA 02115', 'https://www.mcdonalds.com/', '1-800-244-6227', 'active'),
(200002, 'KFC', 'Fried Chicken', 12, '282 Huntington Crossing, Boston, MA 02115', 'https://www.kfc.com/', '1-800-225-5532', 'active'),
(200003, 'Burger King', 'Burgers', 11, '39 Opera House Lane, Boston, MA 02116', 'https://www.bk.com/', '1-866-394-2493', 'active'),
(200004, 'Wendy''s', 'Burgers', 11, '77 Symphony Gate, Boston, MA 02115', 'https://www.wendys.com/', '1-888-624-8140', 'active'),
(200005, 'Subway', 'Sandwiches', 9, '501 Gainsborough Walk, Boston, MA 02115', 'https://www.subway.com/en-US', '1-800-888-4848', 'active'),
(200006, 'Pizza Hut', 'Pizza', 18, '62 Forsyth Square, Boston, MA 02115', 'https://www.pizzahut.com/', '1-800-948-8488', 'active'),
(200007, 'Domino''s Pizza', 'Pizza', 16, '18 Parker Hill Avenue, Boston, MA 02120', 'https://www.dominos.com/', '1-734-930-3030', 'active'),
(200008, 'Papa John''s', 'Pizza', 17, '240 Ruggles Street, Boston, MA 02120', 'https://www.papajohns.com/', '1-877-547-7272', 'active'),
(200009, 'Chipotle Mexican Grill', 'Mexican', 15, '95 Mission Park Drive, Boston, MA 02118', 'https://www.chipotle.com/', '1-800-244-7685', 'active'),
(200010, 'Taco Bell', 'Mexican', 10, '14 Tremont Harbor Road, Boston, MA 02116', 'https://www.tacobell.com/', '1-800-822-6235', 'active'),
(200011, 'Five Guys', 'Burgers', 20, '333 Belvidere Row, Boston, MA 02115', 'https://www.fiveguys.com/', '1-866-345-4897', 'active'),
(200012, 'Shake Shack', 'Burgers', 21, '71 Dalton Corner, Boston, MA 02199', 'https://shakeshack.com/', '1-618-867-4225', 'active'),
(200013, 'Arby''s', 'Sandwiches', 14, '208 Longwood Crescent, Boston, MA 02115', 'https://www.arbys.com/', '1-800-599-2729', 'active'),
(200014, 'Popeyes', 'Fried Chicken', 13, '156 Back Bay Loop, Boston, MA 02115', 'https://www.popeyes.com/', '1-877-767-3937', 'active'),
(200015, 'Wingstop', 'Wings', 16, '44 Jersey Wharf Street, Boston, MA 02215', 'https://www.wingstop.com/', '1-844-946-4588', 'active'),
(200016, 'Buffalo Wild Wings', 'Wings', 22, '390 Brookline View Road, Boston, MA 02215', 'https://www.buffalowildwings.com/', '1-877-335-7693', 'active'),
(200017, 'Panera Bread', 'Cafe', 15, '120 Queensberry Park, Boston, MA 02215', 'https://www.panerabread.com/', '1-855-372-6372', 'active'),
(200018, 'Dunkin''', 'Beverages', 6, '9 St. Botolph Street, Boston, MA 02115', 'https://www.dunkindonuts.com/', '1-800-859-5339', 'active'),
(200019, 'Starbucks', 'Beverages', 8, '255 Commonwealth Steps, Boston, MA 02116', 'https://www.starbucks.com/', '1-206-318-7100', 'active'),
(200020, 'Boston Market', 'Other', 18, '88 Beacon Yard, Boston, MA 02116', 'https://www.bostonmarket.com/', '1-617-774-1155', 'active'),
(200021, 'Mom''s Kitchen', 'Other', 7, '17 Laundry Basket Lane, Boston, MA 02119', 'https://www.imdb.com/title/tt0903747/', '1-617-555-0141', 'active'),
(200022, 'Walter White Food Truck', 'Other', 5000, '451 Crystal Smoke Alley, Boston, MA 02118', 'https://www.imdb.com/title/tt0903747/', '1-857-555-0199', 'moved'),
(200023, 'Michelin Three-ish', 'Other', 350, '3 Velvet Napkin Plaza, Boston, MA 02114', 'https://guide.michelin.com/', '1-617-555-7713', 'hidden'),
(200024, 'Subwhey', 'Sandwiches', 11, '64 Protein Shake Road, Boston, MA 02120', 'https://www.subway.com/en-US', '1-857-555-2204', 'active'),
(200025, 'KFSee', 'Fried Chicken', 12, '27 Crispy Bucket Street, Boston, MA 02128', 'https://www.kfc.com/', '1-617-555-8831', 'closed'),
(200026, 'Burger Prince', 'Burgers', 13, '190 Crown Patty Avenue, Boston, MA 02127', 'https://www.bk.com/', '1-857-555-6612', 'active'),
(200027, 'McRonald''s', 'Burgers', 10, '5 Clown Arch Road, Boston, MA 02111', 'https://www.mcdonalds.com/', '1-617-555-1028', 'hidden'),
(200028, 'Dunking''', 'Beverages', 5, '212 Caffeine Court, Boston, MA 02109', 'https://www.dunkindonuts.com/', '1-857-555-3347', 'moved'),
(200029, 'Papa Jonah''s', 'Pizza', 19, '76 Garlic Butter Way, Boston, MA 02110', 'https://www.papajohns.com/', '1-617-555-9016', 'closed'),
(200030, 'Taco Hell', 'Mexican', 9, '666 Fire Sauce Boulevard, Boston, MA 02113', 'https://www.tacobell.com/', '1-857-555-0666', 'active');

SELECT *
FROM RESTAURANT;

INSERT INTO BusinessHour (business_hours_id, restaurant_id, weekday, start_time, end_time) VALUES
-- McDonald's
(300001,200001,'Monday','05:00','23:00'),
(300002,200001,'Tuesday','05:00','23:00'),
(300003,200001,'Wednesday','05:00','23:00'),
(300004,200001,'Thursday','05:00','23:00'),
(300005,200001,'Friday','05:00','23:00'),
(300006,200001,'Saturday','05:00','23:00'),
(300007,200001,'Sunday','05:00','23:00'),

-- KFC
(300008,200002,'Monday','10:30','22:00'),
(300009,200002,'Tuesday','10:30','22:00'),
(300010,200002,'Wednesday','10:30','22:00'),
(300011,200002,'Thursday','10:30','22:00'),
(300012,200002,'Friday','10:30','23:00'),
(300013,200002,'Saturday','10:30','23:00'),
(300014,200002,'Sunday','10:30','22:00'),

-- Burger King
(300015,200003,'Monday','06:00','23:00'),
(300016,200003,'Tuesday','06:00','23:00'),
(300017,200003,'Wednesday','06:00','23:00'),
(300018,200003,'Thursday','06:00','23:00'),
(300019,200003,'Friday','06:00','23:59'),
(300020,200003,'Saturday','06:00','23:59'),
(300021,200003,'Sunday','06:00','23:00'),

-- Wendy's
(300022,200004,'Monday','06:30','22:00'),
(300023,200004,'Tuesday','06:30','22:00'),
(300024,200004,'Wednesday','06:30','22:00'),
(300025,200004,'Thursday','06:30','22:00'),
(300026,200004,'Friday','06:30','23:00'),
(300027,200004,'Saturday','06:30','23:00'),
(300028,200004,'Sunday','06:30','22:00'),

-- Subway
(300029,200005,'Monday','07:00','22:00'),
(300030,200005,'Tuesday','07:00','22:00'),
(300031,200005,'Wednesday','07:00','22:00'),
(300032,200005,'Thursday','07:00','22:00'),
(300033,200005,'Friday','07:00','23:00'),
(300034,200005,'Saturday','08:00','23:00'),
(300035,200005,'Sunday','08:00','22:00'),

-- Pizza Hut
(300036,200006,'Monday','11:00','22:00'),
(300037,200006,'Tuesday','11:00','22:00'),
(300038,200006,'Wednesday','11:00','22:00'),
(300039,200006,'Thursday','11:00','22:00'),
(300040,200006,'Friday','11:00','23:00'),
(300041,200006,'Saturday','11:00','23:00'),
(300042,200006,'Sunday','11:00','22:00'),

-- Domino's Pizza
(300043,200007,'Monday','10:30','00:00'),
(300044,200007,'Tuesday','10:30','00:00'),
(300045,200007,'Wednesday','10:30','00:00'),
(300046,200007,'Thursday','10:30','00:00'),
(300047,200007,'Friday','10:30','01:00'),
(300048,200007,'Saturday','10:30','01:00'),
(300049,200007,'Sunday','10:30','00:00'),

-- Papa John's
(300050,200008,'Monday','11:00','23:00'),
(300051,200008,'Tuesday','11:00','23:00'),
(300052,200008,'Wednesday','11:00','23:00'),
(300053,200008,'Thursday','11:00','23:00'),
(300054,200008,'Friday','11:00','00:00'),
(300055,200008,'Saturday','11:00','00:00'),
(300056,200008,'Sunday','11:00','23:00'),

-- Chipotle
(300057,200009,'Monday','10:45','22:00'),
(300058,200009,'Tuesday','10:45','22:00'),
(300059,200009,'Wednesday','10:45','22:00'),
(300060,200009,'Thursday','10:45','22:00'),
(300061,200009,'Friday','10:45','22:30'),
(300062,200009,'Saturday','10:45','22:30'),
(300063,200009,'Sunday','10:45','22:00'),

-- Taco Bell
(300064,200010,'Monday','07:00','01:00'),
(300065,200010,'Tuesday','07:00','01:00'),
(300066,200010,'Wednesday','07:00','01:00'),
(300067,200010,'Thursday','07:00','01:00'),
(300068,200010,'Friday','07:00','02:00'),
(300069,200010,'Saturday','07:00','02:00'),
(300070,200010,'Sunday','07:00','01:00'),

-- Five Guys
(300071,200011,'Monday','11:00','22:00'),
(300072,200011,'Tuesday','11:00','22:00'),
(300073,200011,'Wednesday','11:00','22:00'),
(300074,200011,'Thursday','11:00','22:00'),
(300075,200011,'Friday','11:00','23:00'),
(300076,200011,'Saturday','11:00','23:00'),
(300077,200011,'Sunday','11:00','22:00'),

-- Shake Shack
(300078,200012,'Monday','11:00','22:00'),
(300079,200012,'Tuesday','11:00','22:00'),
(300080,200012,'Wednesday','11:00','22:00'),
(300081,200012,'Thursday','11:00','22:00'),
(300082,200012,'Friday','11:00','23:00'),
(300083,200012,'Saturday','11:00','23:00'),
(300084,200012,'Sunday','11:00','22:00'),

-- Arby's
(300085,200013,'Monday','10:00','22:00'),
(300086,200013,'Tuesday','10:00','22:00'),
(300087,200013,'Wednesday','10:00','22:00'),
(300088,200013,'Thursday','10:00','22:00'),
(300089,200013,'Friday','10:00','23:00'),
(300090,200013,'Saturday','10:00','23:00'),
(300091,200013,'Sunday','10:00','22:00'),

-- Popeyes
(300092,200014,'Monday','10:30','22:00'),
(300093,200014,'Tuesday','10:30','22:00'),
(300094,200014,'Wednesday','10:30','22:00'),
(300095,200014,'Thursday','10:30','22:00'),
(300096,200014,'Friday','10:30','23:00'),
(300097,200014,'Saturday','10:30','23:00'),
(300098,200014,'Sunday','10:30','22:00'),

-- Wingstop
(300099,200015,'Monday','11:00','23:00'),
(300100,200015,'Tuesday','11:00','23:00'),
(300101,200015,'Wednesday','11:00','23:00'),
(300102,200015,'Thursday','11:00','23:00'),
(300103,200015,'Friday','11:00','00:00'),
(300104,200015,'Saturday','11:00','00:00'),
(300105,200015,'Sunday','11:00','23:00'),

-- Buffalo Wild Wings
(300106,200016,'Monday','11:00','23:00'),
(300107,200016,'Tuesday','11:00','23:00'),
(300108,200016,'Wednesday','11:00','23:00'),
(300109,200016,'Thursday','11:00','23:00'),
(300110,200016,'Friday','11:00','01:00'),
(300111,200016,'Saturday','11:00','01:00'),
(300112,200016,'Sunday','11:00','23:00'),

-- Panera Bread
(300113,200017,'Monday','06:00','21:00'),
(300114,200017,'Tuesday','06:00','21:00'),
(300115,200017,'Wednesday','06:00','21:00'),
(300116,200017,'Thursday','06:00','21:00'),
(300117,200017,'Friday','06:00','21:30'),
(300118,200017,'Saturday','06:00','21:30'),
(300119,200017,'Sunday','07:00','21:00'),

-- Dunkin'
(300120,200018,'Monday','05:00','20:00'),
(300121,200018,'Tuesday','05:00','20:00'),
(300122,200018,'Wednesday','05:00','20:00'),
(300123,200018,'Thursday','05:00','20:00'),
(300124,200018,'Friday','05:00','21:00'),
(300125,200018,'Saturday','05:00','21:00'),
(300126,200018,'Sunday','06:00','20:00'),

-- Starbucks
(300127,200019,'Monday','05:30','21:00'),
(300128,200019,'Tuesday','05:30','21:00'),
(300129,200019,'Wednesday','05:30','21:00'),
(300130,200019,'Thursday','05:30','21:00'),
(300131,200019,'Friday','05:30','21:30'),
(300132,200019,'Saturday','06:00','21:30'),
(300133,200019,'Sunday','06:00','21:00'),

-- Boston Market
(300134,200020,'Monday','11:00','21:00'),
(300135,200020,'Tuesday','11:00','21:00'),
(300136,200020,'Wednesday','11:00','21:00'),
(300137,200020,'Thursday','11:00','21:00'),
(300138,200020,'Friday','11:00','21:30'),
(300139,200020,'Saturday','11:00','21:30'),
(300140,200020,'Sunday','11:00','21:00'),

-- Mom's Kitchen
(300141,200021,'Monday','06:30','10:30'),
(300142,200021,'Monday','11:30','14:30'),
(300143,200021,'Monday','17:00','21:00'),
(300144,200021,'Tuesday','06:30','10:30'),
(300145,200021,'Tuesday','11:30','14:30'),
(300146,200021,'Tuesday','17:00','21:00'),
(300147,200021,'Wednesday','06:30','10:30'),
(300148,200021,'Wednesday','11:30','14:30'),
(300149,200021,'Wednesday','17:00','21:00'),
(300150,200021,'Thursday','06:30','10:30'),
(300151,200021,'Thursday','11:30','14:30'),
(300152,200021,'Thursday','17:00','21:00'),
(300153,200021,'Friday','06:30','10:30'),
(300154,200021,'Friday','11:30','14:30'),
(300155,200021,'Friday','17:00','22:00'),
(300156,200021,'Saturday','08:00','15:00'),
(300157,200021,'Saturday','17:00','22:00'),
(300158,200021,'Sunday','08:00','15:00'),

-- Walter White Food Truck
(300159,200022,'Monday','22:00','23:59'),
(300160,200022,'Tuesday','00:00','02:00'),
(300161,200022,'Tuesday','22:00','23:59'),
(300162,200022,'Wednesday','00:00','02:00'),
(300163,200022,'Wednesday','22:00','23:59'),
(300164,200022,'Thursday','00:00','02:00'),
(300165,200022,'Thursday','22:00','23:59'),
(300166,200022,'Friday','00:00','03:00'),
(300167,200022,'Friday','21:00','23:59'),
(300168,200022,'Saturday','00:00','03:00'),
(300169,200022,'Saturday','21:00','23:59'),
(300170,200022,'Sunday','00:00','04:00'),
(300171,200022,'Sunday','20:00','23:59'),
(300172,200022,'Monday','00:00','02:00'),

-- Michelin Three-ish
(300173,200023,'Tuesday','18:00','20:00'),
(300174,200023,'Tuesday','20:30','23:00'),
(300175,200023,'Wednesday','18:00','20:00'),
(300176,200023,'Wednesday','20:30','23:00'),
(300177,200023,'Thursday','18:00','20:00'),
(300178,200023,'Thursday','20:30','23:00'),
(300179,200023,'Friday','18:00','20:30'),
(300180,200023,'Friday','21:00','23:59'),
(300181,200023,'Saturday','17:30','20:00'),
(300182,200023,'Saturday','20:30','23:59'),
(300183,200023,'Sunday','17:30','21:30'),

-- Subwhey
(300184,200024,'Monday','05:00','11:00'),
(300185,200024,'Monday','16:00','23:00'),
(300186,200024,'Tuesday','05:00','11:00'),
(300187,200024,'Tuesday','16:00','23:00'),
(300188,200024,'Wednesday','05:00','11:00'),
(300189,200024,'Wednesday','16:00','23:00'),
(300190,200024,'Thursday','05:00','11:00'),
(300191,200024,'Thursday','16:00','23:00'),
(300192,200024,'Friday','05:00','11:00'),
(300193,200024,'Friday','15:00','23:59'),
(300194,200024,'Saturday','06:00','12:00'),
(300195,200024,'Saturday','15:00','23:59'),
(300196,200024,'Sunday','06:00','12:00'),
(300197,200024,'Sunday','15:00','22:00'),

-- KFSee
(300198,200025,'Monday','11:00','21:00'),
(300199,200025,'Tuesday','11:00','21:00'),
(300200,200025,'Wednesday','11:00','21:00'),
(300201,200025,'Thursday','11:00','21:00'),
(300202,200025,'Friday','11:00','22:30'),
(300203,200025,'Saturday','11:00','22:30'),
(300204,200025,'Sunday','12:00','20:00'),

-- Burger Prince
(300205,200026,'Monday','10:00','14:00'),
(300206,200026,'Monday','18:00','23:00'),
(300207,200026,'Tuesday','10:00','14:00'),
(300208,200026,'Tuesday','18:00','23:00'),
(300209,200026,'Wednesday','10:00','14:00'),
(300210,200026,'Wednesday','18:00','23:00'),
(300211,200026,'Thursday','10:00','14:00'),
(300212,200026,'Thursday','18:00','23:00'),
(300213,200026,'Friday','10:00','14:00'),
(300214,200026,'Friday','18:00','23:59'),
(300215,200026,'Saturday','11:00','15:00'),
(300216,200026,'Saturday','18:00','23:59'),
(300217,200026,'Sunday','11:00','15:00'),
(300218,200026,'Sunday','18:00','22:00'),

-- McRonald's
(300219,200027,'Monday','00:00','00:30'),
(300220,200027,'Monday','12:00','12:30'),
(300221,200027,'Monday','23:00','23:59'),
(300222,200027,'Tuesday','00:00','00:30'),
(300223,200027,'Tuesday','12:00','12:30'),
(300224,200027,'Tuesday','23:00','23:59'),
(300225,200027,'Wednesday','00:00','00:30'),
(300226,200027,'Wednesday','12:00','12:30'),
(300227,200027,'Wednesday','23:00','23:59'),
(300228,200027,'Thursday','00:00','00:30'),
(300229,200027,'Thursday','12:00','12:30'),
(300230,200027,'Thursday','23:00','23:59'),
(300231,200027,'Friday','00:00','00:45'),
(300232,200027,'Friday','12:00','12:45'),
(300233,200027,'Friday','22:30','23:59'),
(300234,200027,'Saturday','00:00','01:00'),
(300235,200027,'Saturday','12:00','13:00'),
(300236,200027,'Saturday','22:00','23:59'),
(300237,200027,'Sunday','00:00','01:00'),
(300238,200027,'Sunday','12:00','13:00'),

-- Dunking'
(300239,200028,'Monday','04:00','09:00'),
(300240,200028,'Monday','19:00','23:00'),
(300241,200028,'Tuesday','04:00','09:00'),
(300242,200028,'Tuesday','19:00','23:00'),
(300243,200028,'Wednesday','04:00','09:00'),
(300244,200028,'Wednesday','19:00','23:00'),
(300245,200028,'Thursday','04:00','09:00'),
(300246,200028,'Thursday','19:00','23:00'),
(300247,200028,'Friday','04:00','09:00'),
(300248,200028,'Friday','19:00','23:59'),
(300249,200028,'Saturday','05:00','10:00'),
(300250,200028,'Saturday','18:00','23:59'),
(300251,200028,'Sunday','05:00','10:00'),
(300252,200028,'Sunday','18:00','22:00'),

-- Papa Jonah's
(300253,200029,'Monday','13:00','23:00'),
(300254,200029,'Tuesday','13:00','23:00'),
(300255,200029,'Wednesday','13:00','23:00'),
(300256,200029,'Thursday','13:00','23:00'),
(300257,200029,'Friday','13:00','01:00'),
(300258,200029,'Saturday','13:00','01:00'),
(300259,200029,'Sunday','13:00','22:00'),

-- Taco Hell
(300260,200030,'Monday','11:00','14:00'),
(300261,200030,'Monday','23:00','23:59'),
(300262,200030,'Tuesday','00:00','02:00'),
(300263,200030,'Tuesday','11:00','14:00'),
(300264,200030,'Tuesday','23:00','23:59'),
(300265,200030,'Wednesday','00:00','02:00'),
(300266,200030,'Wednesday','11:00','14:00'),
(300267,200030,'Wednesday','23:00','23:59'),
(300268,200030,'Thursday','00:00','02:00'),
(300269,200030,'Thursday','11:00','14:00'),
(300270,200030,'Thursday','23:00','23:59'),
(300271,200030,'Friday','00:00','03:00'),
(300272,200030,'Friday','11:00','15:00'),
(300273,200030,'Friday','22:00','23:59'),
(300274,200030,'Saturday','00:00','03:00'),
(300275,200030,'Saturday','11:00','15:00'),
(300276,200030,'Saturday','22:00','23:59'),
(300277,200030,'Sunday','00:00','04:00'),
(300278,200030,'Sunday','12:00','16:00'),
(300279,200030,'Sunday','22:00','23:59');

SELECT *
FROM BUSINESSHOUR;

INSERT INTO Review (
  review_id,
  user_id,
  restaurant_id,
  created_at,
  updated_at,
  review_text,
  overall_score
) VALUES
(400001, 100001, 200001, '2026-01-08 18:20:00', '2026-01-08 18:20:00', 'Cheap, fast, and somehow always hits the spot.', 4),
(400002, 100001, 200009, '2026-01-19 12:45:00', '2026-01-19 12:45:00', NULL, 5),
(400003, 100001, 200016, '2026-02-03 19:10:00', '2026-02-03 19:10:00', 'The wings were solid, but the table was fighting for its life.', 4),
(400004, 100001, 200023, '2026-02-18 20:05:00', '2026-02-18 20:05:00', NULL, 3),
(400005, 100001, 200030, '2026-03-07 21:30:00', '2026-03-07 21:30:00', 'I ate here once and immediately made three bad decisions.', 4),

(400006, 100002, 200012, '2026-01-11 13:10:00', '2026-01-11 13:10:00', NULL, 5),
(400007, 100002, 200006, '2026-01-27 17:40:00', '2026-01-27 17:40:00', 'Nothing fancy, but the pizza disappeared in five minutes.', 4),
(400008, 100002, 200018, '2026-02-09 08:15:00', '2026-02-09 08:15:00', NULL, 3),
(400009, 100002, 200025, '2026-02-22 19:25:00', '2026-02-22 19:25:00', 'My fries tasted like they had seen things.', 2),
(400010, 100002, 200011, '2026-03-03 18:50:00', '2026-03-03 18:50:00', NULL, 5),

(400011, 100003, 200003, '2026-01-05 12:05:00', '2026-01-05 12:05:00', 'Very average burger, very above average regret.', 3),
(400012, 100003, 200017, '2026-01-21 09:20:00', '2026-01-21 09:20:00', NULL, 4),
(400013, 100003, 200021, '2026-02-06 18:35:00', '2026-02-06 18:35:00', 'Tasted like home, if home had no adult supervision.', 5),
(400014, 100003, 200008, '2026-02-17 20:10:00', '2026-02-17 20:10:00', NULL, 4),
(400015, 100003, 200028, '2026-03-12 07:50:00', '2026-03-12 07:50:00', 'Coffee so strong it fixed my GPA for ten minutes.', 5),

(400016, 100004, 200019, '2026-01-09 16:40:00', '2026-01-09 16:40:00', NULL, 4),
(400017, 100004, 200002, '2026-01-24 18:00:00', '2026-01-24 18:00:00', 'Crispy enough to make me forgive my entire week.', 4),
(400018, 100004, 200014, '2026-02-08 19:15:00', '2026-02-08 19:15:00', NULL, 5),
(400019, 100004, 200026, '2026-02-20 13:30:00', '2026-02-20 13:30:00', 'Off-brand name, on-brand cholesterol.', 3),
(400020, 100004, 200007, '2026-03-01 22:10:00', '2026-03-01 22:10:00', NULL, 4),

(400021, 100005, 200005, '2026-01-14 11:55:00', '2026-01-14 11:55:00', 'Reliable sandwich engineering.', 4),
(400022, 100005, 200010, '2026-01-30 23:20:00', '2026-01-30 23:20:00', NULL, 4),
(400023, 100005, 200022, '2026-02-11 14:05:00', '2026-02-11 14:05:00', 'The food arrived fast, mysteriously fast.', 5),
(400024, 100005, 200013, '2026-02-26 17:25:00', '2026-02-26 17:25:00', NULL, 3),
(400025, 100005, 200029, '2026-03-10 19:40:00', '2026-03-10 19:40:00', 'Garlic sauce carried the entire relationship.', 4),

(400026, 100006, 200004, '2026-01-06 12:30:00', '2026-01-06 12:30:00', NULL, 4),
(400027, 100006, 200015, '2026-01-18 20:45:00', '2026-01-18 20:45:00', 'Good wings, loud room, zero peace.', 4),
(400028, 100006, 200024, '2026-02-04 10:15:00', '2026-02-04 10:15:00', NULL, 3),
(400029, 100006, 200001, '2026-02-19 18:55:00', '2026-02-19 18:55:00', 'I found a pickle hiding like it owed me money.', 2),
(400030, 100006, 200020, '2026-03-08 17:10:00', '2026-03-08 17:10:00', NULL, 4),

(400031, 100007, 200009, '2026-01-13 13:45:00', '2026-01-13 13:45:00', 'Fresh, fast, and slightly too confident with the lime.', 5),
(400032, 100007, 200027, '2026-01-29 19:05:00', '2026-01-29 19:05:00', NULL, 3),
(400033, 100007, 200006, '2026-02-10 18:20:00', '2026-02-10 18:20:00', 'My mom told me not to eat junk food, so I got two slices.', 4),
(400034, 100007, 200018, '2026-02-23 08:40:00', '2026-02-23 08:40:00', NULL, 3),
(400035, 100007, 200023, '2026-03-15 20:00:00', '2026-03-15 20:00:00', 'I paid luxury prices to experience emotional confusion.', 2),

(400036, 100008, 200011, '2026-01-04 17:50:00', '2026-01-04 17:50:00', NULL, 5),
(400037, 100008, 200003, '2026-01-22 12:10:00', '2026-01-22 12:10:00', 'Burger was decent, fries were the main character.', 4),
(400038, 100008, 200030, '2026-02-07 21:45:00', '2026-02-07 21:45:00', NULL, 3),
(400039, 100008, 200014, '2026-02-21 18:35:00', '2026-02-21 18:35:00', 'I ate one biscuit and briefly understood the universe.', 5),
(400040, 100008, 200008, '2026-03-06 19:25:00', '2026-03-06 19:25:00', NULL, 4),

(400041, 100009, 200002, '2026-01-16 18:15:00', '2026-01-16 18:15:00', 'Crispy chicken, suspiciously cheerful lighting.', 4),
(400042, 100009, 200017, '2026-01-31 09:05:00', '2026-01-31 09:05:00', NULL, 4),
(400043, 100009, 200025, '2026-02-12 19:55:00', '2026-02-12 19:55:00', 'I think I bit into a fish hook, but honestly the seasoning was good.', 1),
(400044, 100009, 200005, '2026-02-28 12:25:00', '2026-02-28 12:25:00', NULL, 3),
(400045, 100009, 200021, '2026-03-11 18:05:00', '2026-03-11 18:05:00', 'My girlfriend left me and this soup still felt warmer.', 5),

(400046, 100010, 200019, '2026-01-07 08:40:00', '2026-01-07 08:40:00', 'Coffee was decent, but the chair judged me.', 4),
(400047, 100010, 200006, '2026-01-20 18:15:00', '2026-01-20 18:15:00', NULL, 4),
(400048, 100010, 200022, '2026-02-05 13:25:00', '2026-02-05 13:25:00', 'The food truck looked illegal, which made it taste better.', 5),
(400049, 100010, 200011, '2026-02-16 19:50:00', '2026-02-16 19:50:00', NULL, 5),
(400050, 100010, 200028, '2026-03-09 07:55:00', '2026-03-09 07:55:00', 'One sip and I could hear colors.', 4),

(400051, 100011, 200001, '2026-01-10 17:30:00', '2026-01-10 17:30:00', NULL, 4),
(400052, 100011, 200015, '2026-01-25 20:05:00', '2026-01-25 20:05:00', 'The wings were good enough to ruin my self-control.', 5),
(400053, 100011, 200023, '2026-02-07 19:40:00', '2026-02-07 19:40:00', NULL, 2),
(400054, 100011, 200008, '2026-02-24 18:20:00', '2026-02-24 18:20:00', 'I have had worse pizza, but only during personal crises.', 3),
(400055, 100011, 200017, '2026-03-13 12:10:00', '2026-03-13 12:10:00', NULL, 4),

(400056, 100012, 200004, '2026-01-09 12:45:00', '2026-01-09 12:45:00', 'Burger was hot, fries were louder than my thoughts.', 4),
(400057, 100012, 200020, '2026-01-28 18:35:00', '2026-01-28 18:35:00', NULL, 3),
(400058, 100012, 200026, '2026-02-09 19:10:00', '2026-02-09 19:10:00', 'Off-brand royalty, on-brand indigestion.', 3),
(400059, 100012, 200009, '2026-02-22 13:55:00', '2026-02-22 13:55:00', NULL, 5),
(400060, 100012, 200014, '2026-03-10 18:25:00', '2026-03-10 18:25:00', 'The biscuit healed something in me.', 5),

(400061, 100013, 200005, '2026-01-06 11:20:00', '2026-01-06 11:20:00', NULL, 4),
(400062, 100013, 200030, '2026-01-23 21:15:00', '2026-01-23 21:15:00', 'The hot sauce tasted like a dare from the devil.', 4),
(400063, 100013, 200012, '2026-02-06 18:45:00', '2026-02-06 18:45:00', NULL, 5),
(400064, 100013, 200021, '2026-02-18 17:05:00', '2026-02-18 17:05:00', 'It tasted exactly like someone''s aunt was in charge.', 5),
(400065, 100013, 200003, '2026-03-14 12:30:00', '2026-03-14 12:30:00', NULL, 3),

(400066, 100014, 200018, '2026-01-12 07:35:00', '2026-01-12 07:35:00', 'Coffee was fine, donut vanished before I could judge it.', 4),
(400067, 100014, 200007, '2026-01-26 22:20:00', '2026-01-26 22:20:00', NULL, 4),
(400068, 100014, 200024, '2026-02-08 10:10:00', '2026-02-08 10:10:00', 'It felt like Subway after a gym phase.', 3),
(400069, 100014, 200016, '2026-02-27 19:45:00', '2026-02-27 19:45:00', NULL, 4),
(400070, 100014, 200002, '2026-03-11 18:50:00', '2026-03-11 18:50:00', 'Crispy, greasy, and morally complicated.', 4),

(400071, 100015, 200010, '2026-01-15 23:05:00', '2026-01-15 23:05:00', NULL, 4),
(400072, 100015, 200027, '2026-01-29 18:00:00', '2026-01-29 18:00:00', 'I ordered a burger and received a life lesson.', 2),
(400073, 100015, 200013, '2026-02-14 17:40:00', '2026-02-14 17:40:00', NULL, 3),
(400074, 100015, 200019, '2026-02-25 09:15:00', '2026-02-25 09:15:00', 'This latte saw me at my worst and stayed.', 5),
(400075, 100015, 200006, '2026-03-08 18:30:00', '2026-03-08 18:30:00', NULL, 4),

(400076, 100016, 200001, '2026-01-11 19:25:00', '2026-01-11 19:25:00', 'Fries were perfect, burger knew its job.', 5),
(400077, 100016, 200017, '2026-01-30 08:50:00', '2026-01-30 08:50:00', NULL, 4),
(400078, 100016, 200029, '2026-02-13 20:10:00', '2026-02-13 20:10:00', 'The pizza box had more confidence than I do.', 3),
(400079, 100016, 200014, '2026-02-28 18:15:00', '2026-02-28 18:15:00', NULL, 4),
(400080, 100016, 200022, '2026-03-12 13:05:00', '2026-03-12 13:05:00', 'I am not saying the truck was suspicious, but it knew my name.', 5),

(400081, 100017, 200005, '2026-01-08 12:05:00', '2026-01-08 12:05:00', NULL, 3),
(400082, 100017, 200011, '2026-01-24 19:35:00', '2026-01-24 19:35:00', 'The burger was great, my wallet is still grieving.', 4),
(400083, 100017, 200023, '2026-02-11 20:20:00', '2026-02-11 20:20:00', NULL, 1),
(400084, 100017, 200018, '2026-02-21 08:10:00', '2026-02-21 08:10:00', 'I came for coffee and left with six regrets and two muffins.', 4),
(400085, 100017, 200009, '2026-03-15 13:40:00', '2026-03-15 13:40:00', NULL, 5),

(400086, 100018, 200003, '2026-01-13 12:25:00', '2026-01-13 12:25:00', 'Burger looked sad, but tasted better than expected.', 3),
(400087, 100018, 200020, '2026-01-31 17:20:00', '2026-01-31 17:20:00', NULL, 4),
(400088, 100018, 200025, '2026-02-15 19:30:00', '2026-02-15 19:30:00', 'I ate here once and my ancestors filed a complaint.', 2),
(400089, 100018, 200012, '2026-02-26 18:05:00', '2026-02-26 18:05:00', NULL, 5),
(400090, 100018, 200007, '2026-03-09 21:10:00', '2026-03-09 21:10:00', 'Late-night pizza is not a meal, it is a coping mechanism.', 4),

(400091, 100019, 200002, '2026-01-06 18:10:00', '2026-01-06 18:10:00', 'Chicken was crispy enough to forgive my Monday.', 4),
(400092, 100019, 200017, '2026-01-21 08:30:00', '2026-01-21 08:30:00', NULL, 4),
(400093, 100019, 200024, '2026-02-04 12:40:00', '2026-02-04 12:40:00', 'The sandwich tasted like someone finished leg day.', 3),
(400094, 100019, 200009, '2026-02-17 19:55:00', '2026-02-17 19:55:00', NULL, 5),
(400095, 100019, 200021, '2026-03-05 17:25:00', '2026-03-05 17:25:00', 'Home style cooking that probably ignores health codes.', 4),

(400096, 100020, 200019, '2026-01-09 07:45:00', '2026-01-09 07:45:00', NULL, 5),
(400097, 100020, 200006, '2026-01-26 18:15:00', '2026-01-26 18:15:00', 'Pizza tasted good but my dignity stayed at the door.', 4),
(400098, 100020, 200028, '2026-02-07 09:05:00', '2026-02-07 09:05:00', NULL, 3),
(400099, 100020, 200015, '2026-02-20 20:10:00', '2026-02-20 20:10:00', 'The wings were spicy enough to erase my childhood.', 4),
(400100, 100020, 200003, '2026-03-12 13:35:00', '2026-03-12 13:35:00', NULL, 3),

(400101, 100021, 200001, '2026-01-11 18:00:00', '2026-01-11 18:00:00', 'Fries tasted like victory and mild regret.', 5),
(400102, 100021, 200010, '2026-01-30 23:30:00', '2026-01-30 23:30:00', NULL, 4),
(400103, 100021, 200023, '2026-02-13 20:20:00', '2026-02-13 20:20:00', 'Luxury prices, existential flavor.', 2),
(400104, 100021, 200014, '2026-02-27 18:45:00', '2026-02-27 18:45:00', NULL, 5),
(400105, 100021, 200007, '2026-03-08 22:05:00', '2026-03-08 22:05:00', 'Late night pizza fixed nothing but tasted great.', 4),

(400106, 100022, 200011, '2026-01-05 19:40:00', '2026-01-05 19:40:00', NULL, 5),
(400107, 100022, 200020, '2026-01-24 17:55:00', '2026-01-24 17:55:00', 'Comfort food that comforted too much.', 4),
(400108, 100022, 200025, '2026-02-09 19:30:00', '2026-02-09 19:30:00', NULL, 2),
(400109, 100022, 200018, '2026-02-23 08:20:00', '2026-02-23 08:20:00', 'Coffee so strong it judged my sleep schedule.', 4),
(400110, 100022, 200004, '2026-03-14 12:15:00', '2026-03-14 12:15:00', NULL, 3),

(400111, 100023, 200005, '2026-01-13 11:50:00', '2026-01-13 11:50:00', 'A sandwich that clearly skipped therapy.', 3),
(400112, 100023, 200012, '2026-01-28 19:10:00', '2026-01-28 19:10:00', NULL, 5),
(400113, 100023, 200026, '2026-02-10 18:05:00', '2026-02-10 18:05:00', 'Off brand but emotionally authentic.', 3),
(400114, 100023, 200009, '2026-02-26 13:25:00', '2026-02-26 13:25:00', NULL, 5),
(400115, 100023, 200029, '2026-03-11 20:35:00', '2026-03-11 20:35:00', 'Pizza tasted like garlic and questionable decisions.', 4),

(400116, 100024, 200003, '2026-01-07 12:15:00', '2026-01-07 12:15:00', NULL, 4),
(400117, 100024, 200017, '2026-01-22 09:40:00', '2026-01-22 09:40:00', 'Soup so warm it forgave my life choices.', 5),
(400118, 100024, 200030, '2026-02-06 21:20:00', '2026-02-06 21:20:00', NULL, 3),
(400119, 100024, 200015, '2026-02-19 19:00:00', '2026-02-19 19:00:00', 'Wings powerful enough to cause flashbacks.', 4),
(400120, 100024, 200021, '2026-03-10 17:50:00', '2026-03-10 17:50:00', NULL, 4),

(400121, 100025, 200019, '2026-01-12 08:10:00', '2026-01-12 08:10:00', 'Latte foam looked like modern art.', 4),
(400122, 100025, 200008, '2026-01-27 19:45:00', '2026-01-27 19:45:00', NULL, 4),
(400123, 100025, 200024, '2026-02-12 12:05:00', '2026-02-12 12:05:00', 'Protein sandwiches built like tanks.', 3),
(400124, 100025, 200014, '2026-02-25 18:40:00', '2026-02-25 18:40:00', NULL, 5),
(400125, 100025, 200006, '2026-03-07 20:15:00', '2026-03-07 20:15:00', 'Pizza slice so big it altered my posture.', 4),

(400126, 100026, 200001, '2026-01-10 17:10:00', '2026-01-10 17:10:00', NULL, 4),
(400127, 100026, 200010, '2026-01-29 23:00:00', '2026-01-29 23:00:00', 'Tacos after midnight feel illegal.', 4),
(400128, 100026, 200022, '2026-02-14 13:30:00', '2026-02-14 13:30:00', NULL, 5),
(400129, 100026, 200018, '2026-02-28 08:05:00', '2026-02-28 08:05:00', 'Coffee fixed my personality for ten minutes.', 4),
(400130, 100026, 200012, '2026-03-15 19:20:00', '2026-03-15 19:20:00', NULL, 5),

(400131, 100027, 200004, '2026-01-06 12:35:00', '2026-01-06 12:35:00', 'Burger tasted like a decent life decision.', 4),
(400132, 100027, 200016, '2026-01-23 20:25:00', '2026-01-23 20:25:00', NULL, 4),
(400133, 100027, 200023, '2026-02-05 19:40:00', '2026-02-05 19:40:00', 'I paid $300 and learned humility.', 1),
(400134, 100027, 200009, '2026-02-20 13:50:00', '2026-02-20 13:50:00', NULL, 5),
(400135, 100027, 200005, '2026-03-09 12:10:00', '2026-03-09 12:10:00', 'Sandwich was better than my last relationship.', 4),

(400136, 100028, 200002, '2026-01-08 18:20:00', '2026-01-08 18:20:00', 'Chicken was fine, but the biscuit tasted emotionally unavailable.', 3),
(400137, 100028, 200017, '2026-01-24 09:10:00', '2026-01-24 09:10:00', NULL, 3),
(400138, 100028, 200025, '2026-02-06 19:35:00', '2026-02-06 19:35:00', 'I am not saying it was bad, but my stomach wrote a complaint letter.', 2),
(400139, 100028, 200008, '2026-02-21 20:05:00', '2026-02-21 20:05:00', NULL, 3),
(400140, 100028, 200021, '2026-03-09 17:40:00', '2026-03-09 17:40:00', 'Tasted homemade, in the sense that nobody stopped it.', 3),

(400141, 100029, 200003, '2026-01-10 12:25:00', '2026-01-10 12:25:00', NULL, 3),
(400142, 100029, 200018, '2026-01-27 08:00:00', '2026-01-27 08:00:00', 'Coffee kept me awake, unfortunately for the coffee.', 2),
(400143, 100029, 200030, '2026-02-11 21:10:00', '2026-02-11 21:10:00', NULL, 3),
(400144, 100029, 200012, '2026-02-26 18:45:00', '2026-02-26 18:45:00', 'Burger was decent, fries were carrying the team.', 3),
(400145, 100029, 200006, '2026-03-13 19:20:00', '2026-03-13 19:20:00', NULL, 2),

(400146, 100030, 200001, '2026-01-07 17:55:00', '2026-01-07 17:55:00', 'Fast food happened fast. Quality did not.', 2),
(400147, 100030, 200014, '2026-01-22 18:35:00', '2026-01-22 18:35:00', NULL, 3),
(400148, 100030, 200023, '2026-02-07 20:25:00', '2026-02-07 20:25:00', 'I paid premium prices to taste confusion on a plate.', 1),
(400149, 100030, 200009, '2026-02-19 13:30:00', '2026-02-19 13:30:00', NULL, 4),
(400150, 100030, 200027, '2026-03-08 19:05:00', '2026-03-08 19:05:00', 'This burger had big fake ID energy.', 2),

(400151, 100031, 200005, '2026-01-12 11:40:00', '2026-01-12 11:40:00', NULL, 3),
(400152, 100031, 200020, '2026-01-30 17:50:00', '2026-01-30 17:50:00', 'Comfort food, but not enough comfort.', 2),
(400153, 100031, 200024, '2026-02-14 12:15:00', '2026-02-14 12:15:00', NULL, 2),
(400154, 100031, 200011, '2026-02-28 19:40:00', '2026-02-28 19:40:00', 'Good burger, criminal pricing.', 3),
(400155, 100031, 200007, '2026-03-15 21:20:00', '2026-03-15 21:20:00', NULL, 3),

(400156, 100032, 200019, '2026-01-09 08:35:00', '2026-01-09 08:35:00', 'The latte art looked better than the latte tasted.', 3),
(400157, 100032, 200013, '2026-01-25 18:10:00', '2026-01-25 18:10:00', NULL, 2),
(400158, 100032, 200026, '2026-02-08 19:00:00', '2026-02-08 19:00:00', 'Burger Prince rules a very small kingdom.', 2),
(400159, 100032, 200017, '2026-02-23 09:25:00', '2026-02-23 09:25:00', NULL, 3),
(400160, 100032, 200029, '2026-03-11 20:10:00', '2026-03-11 20:10:00', 'The crust was okay, the rest felt like a budget cut.', 2),

(400161, 100033, 200004, '2026-01-06 12:10:00', '2026-01-06 12:10:00', NULL, 3),
(400162, 100033, 200010, '2026-01-21 23:15:00', '2026-01-21 23:15:00', 'I ate here at midnight and felt every consequence.', 2),
(400163, 100033, 200022, '2026-02-05 13:45:00', '2026-02-05 13:45:00', NULL, 4),
(400164, 100033, 200016, '2026-02-20 19:30:00', '2026-02-20 19:30:00', 'Wings were good, service moved like a tragic poem.', 3),
(400165, 100033, 200001, '2026-03-07 18:50:00', '2026-03-07 18:50:00', NULL, 2),

(400166, 100034, 200002, '2026-01-11 18:40:00', '2026-01-11 18:40:00', 'The chicken was crispy, the fries were actively depressed.', 3),
(400167, 100034, 200018, '2026-01-29 07:50:00', '2026-01-29 07:50:00', NULL, 2),
(400168, 100034, 200028, '2026-02-12 08:30:00', '2026-02-12 08:30:00', 'Coffee so weak it apologized before I finished it.', 1),
(400169, 100034, 200009, '2026-02-27 13:20:00', '2026-02-27 13:20:00', NULL, 3),
(400170, 100034, 200021, '2026-03-14 17:35:00', '2026-03-14 17:35:00', 'It tasted like someone cooked with love and no timer.', 3),

(400171, 100035, 200003, '2026-01-13 12:55:00', '2026-01-13 12:55:00', NULL, 2),
(400172, 100035, 200015, '2026-01-31 20:05:00', '2026-01-31 20:05:00', 'The wings were loud, greasy, and somehow still lonely.', 3),
(400173, 100035, 200023, '2026-02-15 20:40:00', '2026-02-15 20:40:00', NULL, 1),
(400174, 100035, 200008, '2026-02-26 19:15:00', '2026-02-26 19:15:00', 'Pizza was average. My expectations were not.', 2),
(400175, 100035, 200012, '2026-03-10 18:25:00', '2026-03-10 18:25:00', NULL, 3),

(400176, 100036, 200005, '2026-01-08 11:30:00', '2026-01-08 11:30:00', 'Sandwich was built with confidence, not skill.', 2),
(400177, 100036, 200014, '2026-01-26 18:20:00', '2026-01-26 18:20:00', NULL, 3),
(400178, 100036, 200025, '2026-02-09 19:50:00', '2026-02-09 19:50:00', 'I found more crunch in the napkin than the chicken.', 1),
(400179, 100036, 200019, '2026-02-24 09:00:00', '2026-02-24 09:00:00', NULL, 3),
(400180, 100036, 200030, '2026-03-12 21:05:00', '2026-03-12 21:05:00', 'Taco Hell is an honest name, I will give it that.', 2);

select *
from review;

INSERT INTO Photo (
  photo_id,
  user_id,
  review_id,
  created_at,
  status,
  emoji_content
) VALUES
(500001, 100001, 400001, '2026-01-08 18:20:00', 'approved', '🍔'),
(500002, 100001, 400003, '2026-02-03 19:10:00', 'approved', '🍗'),
(500003, 100001, 400005, '2026-03-07 21:30:00', 'approved', '🌮'),
(500004, 100002, 400007, '2026-01-27 17:40:00', 'approved', '🍕'),
(500005, 100002, 400009, '2026-02-22 19:25:00', 'approved', '🍗'),
(500006, 100003, 400011, '2026-01-05 12:05:00', 'approved', '🍔'),
(500007, 100003, 400013, '2026-02-06 18:35:00', 'approved', '🍲'),
(500008, 100003, 400015, '2026-03-12 07:50:00', 'approved', '☕'),
(500009, 100004, 400017, '2026-01-24 18:00:00', 'approved', '🍗'),
(500010, 100004, 400019, '2026-02-20 13:30:00', 'approved', '🍔'),
(500011, 100005, 400021, '2026-01-14 11:55:00', 'approved', '🥪'),
(500012, 100005, 400023, '2026-02-11 14:05:00', 'approved', '🌯'),
(500013, 100005, 400025, '2026-03-10 19:40:00', 'approved', '🍕'),
(500014, 100006, 400027, '2026-01-18 20:45:00', 'approved', '🍗'),
(500015, 100006, 400029, '2026-02-19 18:55:00', 'approved', '🥒'),
(500016, 100007, 400031, '2026-01-13 13:45:00', 'approved', '🌯'),
(500017, 100007, 400033, '2026-02-10 18:20:00', 'approved', '🍕'),
(500018, 100007, 400035, '2026-03-15 20:00:00', 'approved', '🍽️'),
(500019, 100008, 400037, '2026-01-22 12:10:00', 'approved', '🍔'),
(500020, 100008, 400039, '2026-02-21 18:35:00', 'approved', '🍗'),
(500021, 100009, 400041, '2026-01-16 18:15:00', 'approved', '🍗'),
(500022, 100009, 400043, '2026-02-12 19:55:00', 'approved', '🐟'),
(500023, 100009, 400045, '2026-03-11 18:05:00', 'approved', '🍲'),

(500024, 100010, 400046, '2026-01-07 08:40:00', 'approved', '☕'),
(500025, 100010, 400048, '2026-02-05 13:25:00', 'approved', '🌯'),
(500026, 100010, 400050, '2026-03-09 07:55:00', 'approved', '🥤'),
(500027, 100011, 400052, '2026-01-25 20:05:00', 'approved', '🍗'),
(500028, 100011, 400054, '2026-02-24 18:20:00', 'approved', '🍕'),
(500029, 100012, 400056, '2026-01-09 12:45:00', 'approved', '🍔'),
(500030, 100012, 400058, '2026-02-09 19:10:00', 'approved', '🍔'),
(500031, 100012, 400060, '2026-03-10 18:25:00', 'approved', '🍗'),
(500032, 100013, 400062, '2026-01-23 21:15:00', 'approved', '🌮'),
(500033, 100013, 400064, '2026-02-18 17:05:00', 'approved', '🍝'),
(500034, 100014, 400066, '2026-01-12 07:35:00', 'approved', '☕'),
(500035, 100014, 400068, '2026-02-08 10:10:00', 'approved', '🥪'),
(500036, 100014, 400070, '2026-03-11 18:50:00', 'approved', '🍗'),
(500037, 100015, 400072, '2026-01-29 18:00:00', 'approved', '🍟'),
(500038, 100015, 400074, '2026-02-25 09:15:00', 'approved', '☕'),
(500039, 100016, 400076, '2026-01-11 19:25:00', 'approved', '🍔'),
(500040, 100016, 400078, '2026-02-13 20:10:00', 'approved', '🍕'),
(500041, 100016, 400080, '2026-03-12 13:05:00', 'approved', '🌯'),
(500042, 100017, 400082, '2026-01-24 19:35:00', 'approved', '🍔'),
(500043, 100017, 400084, '2026-02-21 08:10:00', 'approved', '☕'),
(500044, 100018, 400086, '2026-01-13 12:25:00', 'approved', '🍔'),
(500045, 100018, 400088, '2026-02-15 19:30:00', 'approved', '🍗'),
(500046, 100018, 400090, '2026-03-09 21:10:00', 'approved', '🍕'),
(500047, 100019, 400091, '2026-01-06 18:10:00', 'approved', '🍗'),
(500048, 100019, 400093, '2026-02-04 12:40:00', 'approved', '🥪'),
(500049, 100019, 400095, '2026-03-05 17:25:00', 'approved', '🍲'),
(500050, 100020, 400097, '2026-01-26 18:15:00', 'approved', '🍕'),
(500051, 100020, 400099, '2026-02-20 20:10:00', 'approved', '🍗'),

(500052, 100021, 400101, '2026-01-11 18:00:00', 'approved', '🍔'),
(500053, 100021, 400103, '2026-02-13 20:20:00', 'approved', '🍷'),
(500054, 100021, 400105, '2026-03-08 22:05:00', 'approved', '🍕'),
(500055, 100022, 400107, '2026-01-24 17:55:00', 'approved', '🍗'),
(500056, 100022, 400109, '2026-02-23 08:20:00', 'approved', '🍩'),
(500057, 100023, 400111, '2026-01-13 11:50:00', 'approved', '🥪'),
(500058, 100023, 400113, '2026-02-10 18:05:00', 'approved', '🍔'),
(500059, 100023, 400115, '2026-03-11 20:35:00', 'approved', '🍕'),
(500060, 100024, 400117, '2026-01-22 09:40:00', 'approved', '🥯'),
(500061, 100024, 400119, '2026-02-19 19:00:00', 'approved', '🍗'),
(500062, 100025, 400121, '2026-01-12 08:10:00', 'approved', '☕'),
(500063, 100025, 400123, '2026-02-12 12:05:00', 'approved', '🥪'),
(500064, 100025, 400125, '2026-03-07 20:15:00', 'approved', '🍕'),
(500065, 100026, 400127, '2026-01-29 23:00:00', 'approved', '🌮'),
(500066, 100026, 400129, '2026-02-28 08:05:00', 'approved', '☕'),
(500067, 100027, 400131, '2026-01-06 12:35:00', 'approved', '🍔'),
(500068, 100027, 400133, '2026-02-05 19:40:00', 'approved', '🥂'),
(500069, 100027, 400135, '2026-03-09 12:10:00', 'approved', '🥪'),
(500070, 100028, 400136, '2026-01-08 18:20:00', 'approved', '🍗'),
(500071, 100028, 400138, '2026-02-06 19:35:00', 'approved', '🍗'),
(500072, 100028, 400140, '2026-03-09 17:40:00', 'approved', '🍲'),
(500073, 100029, 400142, '2026-01-27 08:00:00', 'approved', '☕'),
(500074, 100029, 400144, '2026-02-26 18:45:00', 'approved', '🍔'),
(500075, 100030, 400146, '2026-01-07 17:55:00', 'approved', '🍔'),
(500076, 100030, 400148, '2026-02-07 20:25:00', 'approved', '🍾'),
(500077, 100030, 400150, '2026-03-08 19:05:00', 'approved', '🍟'),
(500078, 100031, 400152, '2026-01-30 17:50:00', 'approved', '🍗'),
(500079, 100031, 400154, '2026-02-28 19:40:00', 'approved', '🍔'),

(500080, 100032, 400156, '2026-01-09 08:35:00', 'approved', '☕'),
(500081, 100032, 400158, '2026-02-08 19:00:00', 'approved', '🍔'),
(500082, 100032, 400160, '2026-03-11 20:10:00', 'approved', '🍕'),
(500083, 100033, 400162, '2026-01-21 23:15:00', 'approved', '🌮'),
(500084, 100033, 400164, '2026-02-20 19:30:00', 'approved', '🍗'),
(500085, 100034, 400166, '2026-01-11 18:40:00', 'approved', '🍗'),
(500086, 100034, 400168, '2026-02-12 08:30:00', 'approved', '🧃'),
(500087, 100034, 400170, '2026-03-14 17:35:00', 'approved', '🍲'),
(500088, 100035, 400172, '2026-01-31 20:05:00', 'approved', '🍗'),
(500089, 100035, 400174, '2026-02-26 19:15:00', 'approved', '🍕'),
(500090, 100036, 400176, '2026-01-08 11:30:00', 'approved', '🥪'),
(500091, 100036, 400178, '2026-02-09 19:50:00', 'approved', '🍗'),
(500092, 100036, 400180, '2026-03-12 21:05:00', 'approved', '🌮');

select *
from photo;

INSERT INTO VisitVerification (
  user_id,
  restaurant_id,
  status,
  submitted_at,
  updated_at
) VALUES
(100001, 200001, 'verified', '2026-01-08 17:20:00', '2026-01-08 17:20:00'),
(100001, 200016, 'verified', '2026-02-03 18:10:00', '2026-02-03 18:10:00'),
(100001, 200030, 'verified', '2026-03-07 20:30:00', '2026-03-07 20:30:00'),
(100002, 200006, 'verified', '2026-01-27 16:40:00', '2026-01-27 16:40:00'),
(100002, 200025, 'verified', '2026-02-22 18:25:00', '2026-02-22 18:25:00'),
(100003, 200003, 'verified', '2026-01-05 11:05:00', '2026-01-05 11:05:00'),
(100003, 200021, 'verified', '2026-02-06 17:35:00', '2026-02-06 17:35:00'),
(100003, 200028, 'verified', '2026-03-12 06:50:00', '2026-03-12 06:50:00'),
(100004, 200002, 'verified', '2026-01-24 17:00:00', '2026-01-24 17:00:00'),
(100004, 200026, 'verified', '2026-02-20 12:30:00', '2026-02-20 12:30:00'),
(100005, 200005, 'verified', '2026-01-14 10:55:00', '2026-01-14 10:55:00'),
(100005, 200022, 'verified', '2026-02-11 13:05:00', '2026-02-11 13:05:00'),
(100005, 200029, 'verified', '2026-03-10 18:40:00', '2026-03-10 18:40:00'),
(100006, 200015, 'verified', '2026-01-18 19:45:00', '2026-01-18 19:45:00'),
(100006, 200001, 'verified', '2026-02-19 17:55:00', '2026-02-19 17:55:00'),
(100007, 200009, 'verified', '2026-01-13 12:45:00', '2026-01-13 12:45:00'),
(100007, 200006, 'verified', '2026-02-10 17:20:00', '2026-02-10 17:20:00'),
(100007, 200023, 'verified', '2026-03-15 19:00:00', '2026-03-15 19:00:00'),
(100008, 200003, 'verified', '2026-01-22 11:10:00', '2026-01-22 11:10:00'),
(100008, 200014, 'verified', '2026-02-21 17:35:00', '2026-02-21 17:35:00'),
(100009, 200002, 'verified', '2026-01-16 17:15:00', '2026-01-16 17:15:00'),
(100009, 200025, 'verified', '2026-02-12 18:55:00', '2026-02-12 18:55:00'),
(100009, 200021, 'verified', '2026-03-11 17:05:00', '2026-03-11 17:05:00'),
(100010, 200019, 'verified', '2026-01-07 07:40:00', '2026-01-07 07:40:00'),
(100010, 200022, 'verified', '2026-02-05 12:25:00', '2026-02-05 12:25:00'),
(100010, 200028, 'verified', '2026-03-09 06:55:00', '2026-03-09 06:55:00'),
(100011, 200015, 'verified', '2026-01-25 19:05:00', '2026-01-25 19:05:00'),
(100011, 200008, 'verified', '2026-02-24 17:20:00', '2026-02-24 17:20:00'),
(100012, 200004, 'verified', '2026-01-09 11:45:00', '2026-01-09 11:45:00'),
(100012, 200026, 'verified', '2026-02-09 18:10:00', '2026-02-09 18:10:00'),
(100012, 200014, 'verified', '2026-03-10 17:25:00', '2026-03-10 17:25:00'),
(100013, 200030, 'verified', '2026-01-23 20:15:00', '2026-01-23 20:15:00'),
(100013, 200021, 'verified', '2026-02-18 16:05:00', '2026-02-18 16:05:00'),
(100014, 200018, 'verified', '2026-01-12 06:35:00', '2026-01-12 06:35:00'),
(100014, 200024, 'verified', '2026-02-08 09:10:00', '2026-02-08 09:10:00'),
(100014, 200002, 'verified', '2026-03-11 17:50:00', '2026-03-11 17:50:00'),
(100015, 200027, 'verified', '2026-01-29 17:00:00', '2026-01-29 17:00:00'),
(100015, 200019, 'verified', '2026-02-25 08:15:00', '2026-02-25 08:15:00'),
(100016, 200001, 'verified', '2026-01-11 18:25:00', '2026-01-11 18:25:00'),
(100016, 200029, 'verified', '2026-02-13 19:10:00', '2026-02-13 19:10:00'),
(100016, 200022, 'verified', '2026-03-12 12:05:00', '2026-03-12 12:05:00'),
(100017, 200011, 'verified', '2026-01-24 18:35:00', '2026-01-24 18:35:00'),
(100017, 200018, 'verified', '2026-02-21 07:10:00', '2026-02-21 07:10:00'),
(100018, 200003, 'verified', '2026-01-13 11:25:00', '2026-01-13 11:25:00'),
(100018, 200025, 'verified', '2026-02-15 18:30:00', '2026-02-15 18:30:00'),
(100018, 200007, 'verified', '2026-03-09 20:10:00', '2026-03-09 20:10:00'),
(100019, 200002, 'verified', '2026-01-06 17:10:00', '2026-01-06 17:10:00'),
(100019, 200024, 'verified', '2026-02-04 11:40:00', '2026-02-04 11:40:00'),
(100019, 200021, 'verified', '2026-03-05 16:25:00', '2026-03-05 16:25:00'),
(100020, 200006, 'verified', '2026-01-26 17:15:00', '2026-01-26 17:15:00'),
(100020, 200015, 'verified', '2026-02-20 19:10:00', '2026-02-20 19:10:00'),
(100021, 200001, 'verified', '2026-01-11 17:00:00', '2026-01-11 17:00:00'),
(100021, 200023, 'verified', '2026-02-13 19:20:00', '2026-02-13 19:20:00'),
(100021, 200007, 'verified', '2026-03-08 21:05:00', '2026-03-08 21:05:00'),
(100022, 200020, 'verified', '2026-01-24 16:55:00', '2026-01-24 16:55:00'),
(100022, 200018, 'verified', '2026-02-23 07:20:00', '2026-02-23 07:20:00'),
(100023, 200005, 'verified', '2026-01-13 10:50:00', '2026-01-13 10:50:00'),
(100023, 200026, 'verified', '2026-02-10 17:05:00', '2026-02-10 17:05:00'),
(100023, 200029, 'verified', '2026-03-11 19:35:00', '2026-03-11 19:35:00'),
(100024, 200017, 'verified', '2026-01-22 08:40:00', '2026-01-22 08:40:00'),
(100024, 200015, 'verified', '2026-02-19 18:00:00', '2026-02-19 18:00:00'),
(100025, 200019, 'verified', '2026-01-12 07:10:00', '2026-01-12 07:10:00'),
(100025, 200024, 'verified', '2026-02-12 11:05:00', '2026-02-12 11:05:00'),
(100025, 200006, 'verified', '2026-03-07 19:15:00', '2026-03-07 19:15:00'),
(100026, 200010, 'verified', '2026-01-29 22:00:00', '2026-01-29 22:00:00'),
(100026, 200018, 'verified', '2026-02-28 07:05:00', '2026-02-28 07:05:00'),
(100027, 200004, 'verified', '2026-01-06 11:35:00', '2026-01-06 11:35:00'),
(100027, 200023, 'verified', '2026-02-05 18:40:00', '2026-02-05 18:40:00'),
(100027, 200005, 'verified', '2026-03-09 11:10:00', '2026-03-09 11:10:00'),
(100028, 200002, 'verified', '2026-01-08 17:20:00', '2026-01-08 17:20:00'),
(100028, 200025, 'verified', '2026-02-06 18:35:00', '2026-02-06 18:35:00'),
(100028, 200021, 'verified', '2026-03-09 16:40:00', '2026-03-09 16:40:00'),
(100029, 200018, 'verified', '2026-01-27 07:00:00', '2026-01-27 07:00:00'),
(100029, 200012, 'verified', '2026-02-26 17:45:00', '2026-02-26 17:45:00'),
(100030, 200001, 'verified', '2026-01-07 16:55:00', '2026-01-07 16:55:00'),
(100030, 200023, 'verified', '2026-02-07 19:25:00', '2026-02-07 19:25:00'),
(100030, 200027, 'verified', '2026-03-08 18:05:00', '2026-03-08 18:05:00'),
(100031, 200020, 'verified', '2026-01-30 16:50:00', '2026-01-30 16:50:00'),
(100031, 200011, 'verified', '2026-02-28 18:40:00', '2026-02-28 18:40:00'),
(100032, 200019, 'verified', '2026-01-09 07:35:00', '2026-01-09 07:35:00'),
(100032, 200026, 'verified', '2026-02-08 18:00:00', '2026-02-08 18:00:00'),
(100032, 200029, 'verified', '2026-03-11 19:10:00', '2026-03-11 19:10:00'),
(100033, 200010, 'verified', '2026-01-21 22:15:00', '2026-01-21 22:15:00'),
(100033, 200016, 'verified', '2026-02-20 18:30:00', '2026-02-20 18:30:00'),
(100034, 200002, 'verified', '2026-01-11 17:40:00', '2026-01-11 17:40:00'),
(100034, 200028, 'verified', '2026-02-12 07:30:00', '2026-02-12 07:30:00'),
(100034, 200021, 'verified', '2026-03-14 16:35:00', '2026-03-14 16:35:00'),
(100035, 200015, 'verified', '2026-01-31 19:05:00', '2026-01-31 19:05:00'),
(100035, 200008, 'verified', '2026-02-26 18:15:00', '2026-02-26 18:15:00'),
(100036, 200005, 'verified', '2026-01-08 10:30:00', '2026-01-08 10:30:00'),
(100036, 200025, 'verified', '2026-02-09 18:50:00', '2026-02-09 18:50:00'),
(100036, 200030, 'verified', '2026-03-12 20:05:00', '2026-03-12 20:05:00');

select * 
from VisitVerification;

INSERT INTO FavoriteRestaurant (
  user_id,
  restaurant_id
) VALUES
(100001, 200001),
(100001, 200009),
(100001, 200016),
(100001, 200019),

(100002, 200006),
(100002, 200011),

(100003, 200003),
(100003, 200017),
(100003, 200021),
(100003, 200028),

(100004, 200002),
(100004, 200014),
(100004, 200019),

(100005, 200005),
(100005, 200010),
(100005, 200022),
(100005, 200029),

(100006, 200001),
(100006, 200015),

(100007, 200006),
(100007, 200009),
(100007, 200018),
(100007, 200023),

(100008, 200003),
(100008, 200008),
(100008, 200011),
(100008, 200014),
(100008, 200030),

(100009, 200002),
(100009, 200017),
(100009, 200021),

(100010, 200019),
(100010, 200022),
(100010, 200028),

(100011, 200008),
(100011, 200015),
(100011, 200016),

(100012, 200004),
(100012, 200014),
(100012, 200026),

(100013, 200021),
(100013, 200030),

(100014, 200002),
(100014, 200018),
(100014, 200024),

(100015, 200019),
(100015, 200027),

(100016, 200001),
(100016, 200022),
(100016, 200029),

(100017, 200011),
(100017, 200018),

(100018, 200003),
(100018, 200007),
(100018, 200025),

(100019, 200002),
(100019, 200021),
(100019, 200024),

(100020, 200006),
(100020, 200015),
(100020, 200017),
(100020, 200020),

(100021, 200001),
(100021, 200007),
(100021, 200023),

(100022, 200011),
(100022, 200018),
(100022, 200020),

(100023, 200005),
(100023, 200026),
(100023, 200029),

(100024, 200015),
(100024, 200017),

(100025, 200006),
(100025, 200019),
(100025, 200024),

(100026, 200010),
(100026, 200018),

(100027, 200004),
(100027, 200005),
(100027, 200023),

(100028, 200002),
(100028, 200021),
(100028, 200025),

(100029, 200012),
(100029, 200018),

(100030, 200001),
(100030, 200023),
(100030, 200027),

(100031, 200011),
(100031, 200020),

(100032, 200019),
(100032, 200026),
(100032, 200029),

(100033, 200010),
(100033, 200016),
(100033, 200030),

(100034, 200002),
(100034, 200021),
(100034, 200028),

(100035, 200008),
(100035, 200015),

(100036, 200005),
(100036, 200025),
(100036, 200030);

select * 
from favoriterestaurant;

INSERT INTO FavoriteReview (
  user_id,
  review_id
) VALUES
-- user 100001
(100001, 400011),
(100001, 400025),
(100001, 400037),
(100001, 400091),

-- user 100002
(100002, 400003),
(100002, 400015),
(100002, 400041),
(100002, 400062),
(100002, 400111),

-- user 100003
(100003, 400001),
(100003, 400019),

-- user 100004
(100004, 400005),
(100004, 400023),
(100004, 400045),
(100004, 400072),
(100004, 400095),
(100004, 400140),

-- user 100005
(100005, 400021),
(100005, 400027),
(100005, 400031),

-- user 100006
(100006, 400017),
(100006, 400033),
(100006, 400039),
(100006, 400066),
(100006, 400097),
(100006, 400150),

-- user 100007
(100007, 400002),

-- user 100008
(100008, 400041),
(100008, 400043),
(100008, 400078),
(100008, 400082),

-- user 100009
(100009, 400001),
(100009, 400019),
(100009, 400025),
(100009, 400037),
(100009, 400060),
(100009, 400101),
(100009, 400162),

-- user 100010
-- (0 favorites)

-- user 100011
(100011, 400011),
(100011, 400015),
(100011, 400021),

-- user 100012
(100012, 400033),
(100012, 400039),
(100012, 400070),
(100012, 400091),

-- user 100013
(100013, 400005),
(100013, 400025),
(100013, 400045),
(100013, 400072),
(100013, 400105),
(100013, 400131),

-- user 100014
(100014, 400017),

-- user 100015
(100015, 400031),
(100015, 400041),
(100015, 400066),
(100015, 400097),
(100015, 400123),

-- user 100016
-- (0 favorites)

-- user 100017
(100017, 400003),
(100017, 400021),
(100017, 400035),

-- user 100018
(100018, 400005),
(100018, 400015),
(100018, 400025),
(100018, 400041),
(100018, 400070),
(100018, 400111),
(100018, 400150),

-- user 100019
(100019, 400019),
(100019, 400027),

-- user 100020
(100020, 400011),
(100020, 400023),
(100020, 400045),
(100020, 400078),
(100020, 400103),

-- user 100021
(100021, 400001),
(100021, 400017),
(100021, 400031),
(100021, 400041),

-- user 100022
-- (0 favorites)

-- user 100023
(100023, 400037),
(100023, 400043),
(100023, 400091),

-- user 100024
(100024, 400005),
(100024, 400025),
(100024, 400039),
(100024, 400070),

-- user 100025
(100025, 400021),
(100025, 400027),
(100025, 400031),
(100025, 400066),
(100025, 400097),
(100025, 400111),
(100025, 400123),

-- user 100026
(100026, 400017),

-- user 100027
(100027, 400011),
(100027, 400021),
(100027, 400025),
(100027, 400033),
(100027, 400045),

-- user 100028
(100028, 400041),
(100028, 400060),
(100028, 400072),

-- user 100029
(100029, 400003),
(100029, 400015),
(100029, 400037),
(100029, 400043),
(100029, 400082),
(100029, 400111),
(100029, 400150),

-- user 100030
-- (0 favorites)

-- user 100031
(100031, 400017),
(100031, 400031),
(100031, 400041),

-- user 100032
(100032, 400005),
(100032, 400021),
(100032, 400037),
(100032, 400070),
(100032, 400097),

-- user 100033
(100033, 400011),
(100033, 400023),
(100033, 400025),
(100033, 400031),
(100033, 400041),
(100033, 400078),
(100033, 400123),
(100033, 400150),

-- user 100034
(100034, 400027),
(100034, 400039),

-- user 100035
(100035, 400005),
(100035, 400015),
(100035, 400025),
(100035, 400031)

-- user 100036
-- (0 favorites)
;

select *
from favoritereview